"Id","Path","Slice Name","Alias(s)","Label","Min","Max","Must Support?","Is Modifier?","Is Summary?","Type(s)","Short","Definition","Comments","Requirements","Default Value","Meaning When Missing","Fixed Value","Pattern","Example","Minimum Value","Maximum Value","Maximum Length","Binding Strength","Binding Description","Binding Value Set","Code","Slicing Discriminator","Slicing Description","Slicing Ordered","Slicing Rules","Base Path","Base Min","Base Max","Condition(s)","Constraint(s)","Mapping: HL7 v2 Mapping","Mapping: RIM Mapping"
"Parameters","Parameters","","","",0,*,"","","","null {[]} {[]}
","Operation Request or Response","This resource is a non-persisted resource used to pass information into and back from an [operation](http://hl7.org/fhir/R4/operations.html). It has no other use, and there is no RESTful endpoint associated with it.","The parameters that may be used are defined by the OperationDefinition resource.","","","","","","","","",,,,,"",,,,"Parameters",0,*,"","access-unalign-condition-required:When the unalignment reason is 'no-longer-clinically-eligible', at least one condition parameter must be provided to document the disqualifying diagnosis {parameter.where(name = 'reason').value.ofType(CodeableConcept).coding.where(system = 'https://globalalliantinc.com/access/CodeSystem/ACCESSUnalignmentReasonCS' and code = 'no-longer-clinically-eligible').exists() implies parameter.where(name = 'conditions').exists()}
","n/a","Entity. Role, or Act","n/a"
"Parameters.id","Parameters.id","","","",0,1,"","","Y","id {[]} {[]}
","Logical id of this artifact","The logical id of the resource, as used in the URL for the resource. Once assigned, this value never changes.","The only time that a resource does not have an id is when it is being submitted to the server using a create operation.","","","","","","","","",,,,,"",,,,"Resource.id",0,1,"",""
"Parameters.meta","Parameters.meta","","","",0,1,"","","Y","Meta {[]} {[]}
","Metadata about the resource","The metadata about the resource. This is content that is maintained by the infrastructure. Changes to the content might not always be associated with version changes to the resource.","","","","","","","","","",,,,,"",,,,"Resource.meta",0,1,"","ele-1:All FHIR elements must have a @value or children {hasValue() or (children().count() > id.count())}
"
"Parameters.implicitRules","Parameters.implicitRules","","","",0,1,"","Y","Y","uri {[]} {[]}
","A set of rules under which this content was created","A reference to a set of rules that were followed when the resource was constructed, and which must be understood when processing the content. Often, this is a reference to an implementation guide that defines the special rules along with other profiles etc.","Asserting this rule set restricts the content to be only understood by a limited set of trading partners. This inherently limits the usefulness of the data in the long term. However, the existing health eco-system is highly fractured, and not yet ready to define, collect, and exchange data in a generally computable sense. Wherever possible, implementers and/or specification writers should avoid using this element. Often, when used, the URL is a reference to an implementation guide that defines these special rules as part of it's narrative along with other profiles, value sets, etc.","","","","","","","","",,,,,"",,,,"Resource.implicitRules",0,1,"","ele-1:All FHIR elements must have a @value or children {hasValue() or (children().count() > id.count())}
"
"Parameters.language","Parameters.language","","","",0,1,"","","","code {[]} {[]}
","Language of the resource content","The base language in which the resource is written.","Language is provided to support indexing and accessibility (typically, services such as text to speech use the language tag). The html language tag in the narrative applies  to the narrative. The language tag on the resource may be used to specify the language of other presentations generated from the data in the resource. Not all the content has to be in the base language. The Resource.language should not be assumed to apply to the narrative automatically. If a language is specified, it should it also be specified on the div element in the html (see rules in HTML5 for information about the relationship between xml:lang and the html lang attribute).","","","","","","","","",,"preferred","A human language.","http://hl7.org/fhir/ValueSet/languages|4.0.1","",,,,"Resource.language",0,1,"","ele-1:All FHIR elements must have a @value or children {hasValue() or (children().count() > id.count())}
"
"Parameters.parameter","Parameters.parameter","","","",5,*,"Y","","Y","BackboneElement {[]} {[]}
","Operation Parameter","A parameter passed to or received from the operation.","","","","","","","","","",,,,,"","value:name}
","",,"closed","Parameters.parameter",0,*,"","ele-1:All FHIR elements must have a @value or children {hasValue() or (children().count() > id.count())}
inv-1:A parameter must have one and only one of (value, resource, part) {(part.exists() and value.empty() and resource.empty()) or (part.empty() and (value.exists() xor resource.exists()))}"
"Parameters.parameter.id","Parameters.parameter.id","","","",0,1,"","","","string {[]} {[]}
","Unique id for inter-element referencing","Unique id for the element within a resource (for internal references). This may be any string value that does not contain spaces.","","","","","","","","","",,,,,"",,,,"Element.id",0,1,"","","n/a"
"Parameters.parameter.extension","Parameters.parameter.extension","","extensions
user content","",0,*,"","","","Extension {[]} {[]}
","Additional content defined by implementations","May be used to represent additional information that is not part of the basic definition of the element. To make the use of extensions safe and manageable, there is a strict set of governance  applied to the definition and use of extensions. Though any implementer can define an extension, there is a set of requirements that SHALL be met as part of the definition of the extension.","There can be no stigma associated with the use of extensions by any application, project, or standard - regardless of the institution or jurisdiction that uses or defines the extensions.  The use of extensions is what allows the FHIR specification to retain a core level of simplicity for everyone.","","","","","","","","",,,,,"",,,,"Element.extension",0,*,"","ele-1:All FHIR elements must have a @value or children {hasValue() or (children().count() > id.count())}
ext-1:Must have either extensions or value[x], not both {extension.exists() != value.exists()}","n/a"
"Parameters.parameter.modifierExtension","Parameters.parameter.modifierExtension","","extensions
user contentmodifiers","",0,*,"","Y","Y","Extension {[]} {[]}
","Extensions that cannot be ignored even if unrecognized","May be used to represent additional information that is not part of the basic definition of the element and that modifies the understanding of the element in which it is contained and/or the understanding of the containing element's descendants. Usually modifier elements provide negation or qualification. To make the use of extensions safe and manageable, there is a strict set of governance applied to the definition and use of extensions. Though any implementer can define an extension, there is a set of requirements that SHALL be met as part of the definition of the extension. Applications processing a resource are required to check for modifier extensions.

Modifier extensions SHALL NOT change the meaning of any elements on Resource or DomainResource (including cannot change the meaning of modifierExtension itself).","There can be no stigma associated with the use of extensions by any application, project, or standard - regardless of the institution or jurisdiction that uses or defines the extensions.  The use of extensions is what allows the FHIR specification to retain a core level of simplicity for everyone.","Modifier extensions allow for extensions that *cannot* be safely ignored to be clearly distinguished from the vast majority of extensions which can be safely ignored.  This promotes interoperability by eliminating the need for implementers to prohibit the presence of extensions. For further information, see the [definition of modifier extensions](http://hl7.org/fhir/R4/extensibility.html#modifierExtension).","","","","","","","",,,,,"",,,,"BackboneElement.modifierExtension",0,*,"","ele-1:All FHIR elements must have a @value or children {hasValue() or (children().count() > id.count())}
ext-1:Must have either extensions or value[x], not both {extension.exists() != value.exists()}","N/A"
"Parameters.parameter.name","Parameters.parameter.name","","","",1,1,"","","Y","string {[]} {[]}
","Name from the definition","The name of the parameter (reference to the operation definition).","","","","","","","","","",,,,,"",,,,"Parameters.parameter.name",1,1,"","ele-1:All FHIR elements must have a @value or children {hasValue() or (children().count() > id.count())}
"
"Parameters.parameter.value[x]","Parameters.parameter.value[x]","","","",0,1,"","","Y","base64Binary {[]} {[]}
boolean {[]} {[]}canonical {[]} {[]}code {[]} {[]}date {[]} {[]}dateTime {[]} {[]}decimal {[]} {[]}id {[]} {[]}instant {[]} {[]}integer {[]} {[]}markdown {[]} {[]}oid {[]} {[]}positiveInt {[]} {[]}string {[]} {[]}time {[]} {[]}unsignedInt {[]} {[]}uri {[]} {[]}url {[]} {[]}uuid {[]} {[]}Address {[]} {[]}Age {[]} {[]}Annotation {[]} {[]}Attachment {[]} {[]}CodeableConcept {[]} {[]}Coding {[]} {[]}ContactPoint {[]} {[]}Count {[]} {[]}Distance {[]} {[]}Duration {[]} {[]}HumanName {[]} {[]}Identifier {[]} {[]}Money {[]} {[]}Period {[]} {[]}Quantity {[]} {[]}Range {[]} {[]}Ratio {[]} {[]}Reference {[]} {[]}SampledData {[]} {[]}Signature {[]} {[]}Timing {[]} {[]}ContactDetail {[]} {[]}Contributor {[]} {[]}DataRequirement {[]} {[]}Expression {[]} {[]}ParameterDefinition {[]} {[]}RelatedArtifact {[]} {[]}TriggerDefinition {[]} {[]}UsageContext {[]} {[]}Dosage {[]} {[]}Meta {[]} {[]}","If parameter is a data type","If the parameter is a data type.","","","","","","","","","",,,,,"",,,,"Parameters.parameter.value[x]",0,1,"inv-1
","ele-1:All FHIR elements must have a @value or children {hasValue() or (children().count() > id.count())}
"
"Parameters.parameter.resource","Parameters.parameter.resource","","","",0,1,"","","Y","Resource {[]} {[]}
","If parameter is a whole resource","If the parameter is a whole resource.","When resolving references in resources, the operation definition may specify how references may be resolved between parameters. If a reference cannot be resolved between the parameters, the application should fall back to it's general resource resolution methods.","","","","","","","","",,,,,"",,,,"Parameters.parameter.resource",0,1,"inv-1
",""
"Parameters.parameter.part","Parameters.parameter.part","","","",0,*,"","","Y","","Named part of a multi-part parameter","A named part of a multi-part parameter.","Only one level of nested parameters is allowed.","","","","","","","","",,,,,"",,,,"Parameters.parameter.part",0,*,"","ele-1:All FHIR elements must have a @value or children {hasValue() or (children().count() > id.count())}
"
"Parameters.parameter:participantID","Parameters.parameter","participantID","","",1,1,"Y","","Y","BackboneElement {[]} {[]}
","Operation Parameter","A parameter passed to or received from the operation.","","","","","","","","","",,,,,"",,,,"Parameters.parameter",0,*,"","ele-1:All FHIR elements must have a @value or children {hasValue() or (children().count() > id.count())}
inv-1:A parameter must have one and only one of (value, resource, part) {(part.exists() and value.empty() and resource.empty()) or (part.empty() and (value.exists() xor resource.exists()))}"
"Parameters.parameter:participantID.id","Parameters.parameter.id","","","",0,1,"","","","string {[]} {[]}
","Unique id for inter-element referencing","Unique id for the element within a resource (for internal references). This may be any string value that does not contain spaces.","","","","","","","","","",,,,,"",,,,"Element.id",0,1,"","","n/a"
"Parameters.parameter:participantID.extension","Parameters.parameter.extension","","extensions
user content","",0,*,"","","","Extension {[]} {[]}
","Additional content defined by implementations","May be used to represent additional information that is not part of the basic definition of the element. To make the use of extensions safe and manageable, there is a strict set of governance  applied to the definition and use of extensions. Though any implementer can define an extension, there is a set of requirements that SHALL be met as part of the definition of the extension.","There can be no stigma associated with the use of extensions by any application, project, or standard - regardless of the institution or jurisdiction that uses or defines the extensions.  The use of extensions is what allows the FHIR specification to retain a core level of simplicity for everyone.","","","","","","","","",,,,,"",,,,"Element.extension",0,*,"","ele-1:All FHIR elements must have a @value or children {hasValue() or (children().count() > id.count())}
ext-1:Must have either extensions or value[x], not both {extension.exists() != value.exists()}","n/a"
"Parameters.parameter:participantID.modifierExtension","Parameters.parameter.modifierExtension","","","",0,0,"","Y","Y","Extension {[]} {[]}
","Extension","An Extension","","","","","","","","","",,,,,"",,,,"BackboneElement.modifierExtension",0,*,"","ele-1:All FHIR elements must have a @value or children {hasValue() or (children().count() > id.count())}
ext-1:Must have either extensions or value[x], not both {extension.exists() != value.exists()}"
"Parameters.parameter:participantID.name","Parameters.parameter.name","","","",1,1,"Y","","Y","string {[]} {[]}
","Name from the definition","The name of the parameter (reference to the operation definition).","","","","","<valueString xmlns=""http://hl7.org/fhir"" value=""participantID""/>","","","","",,,,,"",,,,"Parameters.parameter.name",1,1,"","ele-1:All FHIR elements must have a @value or children {hasValue() or (children().count() > id.count())}
"
"Parameters.parameter:participantID.value[x]","Parameters.parameter.value[x]","","","",1,1,"Y","","Y","Identifier {[]} {[]}
","If parameter is a data type","If the parameter is a data type.","","","","","","","","","",,,,,"",,,,"Parameters.parameter.value[x]",0,1,"inv-1
","ele-1:All FHIR elements must have a @value or children {hasValue() or (children().count() > id.count())}
access-participant-id-pattern:ACCESS Participant ID must follow the pattern ACCESS#### where #### represents exactly 4 digits (e.g., ACCESS0001, ACCESS1234) {value.matches('^ACCESS\\d{4}$')}"
"Parameters.parameter:participantID.resource","Parameters.parameter.resource","","","",0,1,"","","Y","Resource {[]} {[]}
","If parameter is a whole resource","If the parameter is a whole resource.","When resolving references in resources, the operation definition may specify how references may be resolved between parameters. If a reference cannot be resolved between the parameters, the application should fall back to it's general resource resolution methods.","","","","","","","","",,,,,"",,,,"Parameters.parameter.resource",0,1,"inv-1
",""
"Parameters.parameter:participantID.part","Parameters.parameter.part","","","",0,*,"","","Y","null {[]} {[]}
","Named part of a multi-part parameter","A named part of a multi-part parameter.","Only one level of nested parameters is allowed.","","","","","","","","",,,,,"",,,,"Parameters.parameter.part",0,*,"","ele-1:All FHIR elements must have a @value or children {hasValue() or (children().count() > id.count())}
"
"Parameters.parameter:payerID","Parameters.parameter","payerID","","",1,1,"Y","","Y","BackboneElement {[]} {[]}
","Operation Parameter","A parameter passed to or received from the operation.","","","","","","","","","",,,,,"",,,,"Parameters.parameter",0,*,"","ele-1:All FHIR elements must have a @value or children {hasValue() or (children().count() > id.count())}
inv-1:A parameter must have one and only one of (value, resource, part) {(part.exists() and value.empty() and resource.empty()) or (part.empty() and (value.exists() xor resource.exists()))}"
"Parameters.parameter:payerID.id","Parameters.parameter.id","","","",0,1,"","","","string {[]} {[]}
","Unique id for inter-element referencing","Unique id for the element within a resource (for internal references). This may be any string value that does not contain spaces.","","","","","","","","","",,,,,"",,,,"Element.id",0,1,"","","n/a"
"Parameters.parameter:payerID.extension","Parameters.parameter.extension","","extensions
user content","",0,*,"","","","Extension {[]} {[]}
","Additional content defined by implementations","May be used to represent additional information that is not part of the basic definition of the element. To make the use of extensions safe and manageable, there is a strict set of governance  applied to the definition and use of extensions. Though any implementer can define an extension, there is a set of requirements that SHALL be met as part of the definition of the extension.","There can be no stigma associated with the use of extensions by any application, project, or standard - regardless of the institution or jurisdiction that uses or defines the extensions.  The use of extensions is what allows the FHIR specification to retain a core level of simplicity for everyone.","","","","","","","","",,,,,"",,,,"Element.extension",0,*,"","ele-1:All FHIR elements must have a @value or children {hasValue() or (children().count() > id.count())}
ext-1:Must have either extensions or value[x], not both {extension.exists() != value.exists()}","n/a"
"Parameters.parameter:payerID.modifierExtension","Parameters.parameter.modifierExtension","","","",0,0,"","Y","Y","Extension {[]} {[]}
","Extension","An Extension","","","","","","","","","",,,,,"",,,,"BackboneElement.modifierExtension",0,*,"","ele-1:All FHIR elements must have a @value or children {hasValue() or (children().count() > id.count())}
ext-1:Must have either extensions or value[x], not both {extension.exists() != value.exists()}"
"Parameters.parameter:payerID.name","Parameters.parameter.name","","","",1,1,"Y","","Y","string {[]} {[]}
","Name from the definition","The name of the parameter (reference to the operation definition).","","","","","<valueString xmlns=""http://hl7.org/fhir"" value=""payerID""/>","","","","",,,,,"",,,,"Parameters.parameter.name",1,1,"","ele-1:All FHIR elements must have a @value or children {hasValue() or (children().count() > id.count())}
"
"Parameters.parameter:payerID.value[x]","Parameters.parameter.value[x]","","","",1,1,"Y","","Y","Identifier {[]} {[]}
","If parameter is a data type","If the parameter is a data type.","","","","","","","","","",,,,,"",,,,"Parameters.parameter.value[x]",0,1,"inv-1
","ele-1:All FHIR elements must have a @value or children {hasValue() or (children().count() > id.count())}
"
"Parameters.parameter:payerID.resource","Parameters.parameter.resource","","","",0,1,"","","Y","Resource {[]} {[]}
","If parameter is a whole resource","If the parameter is a whole resource.","When resolving references in resources, the operation definition may specify how references may be resolved between parameters. If a reference cannot be resolved between the parameters, the application should fall back to it's general resource resolution methods.","","","","","","","","",,,,,"",,,,"Parameters.parameter.resource",0,1,"inv-1
",""
"Parameters.parameter:payerID.part","Parameters.parameter.part","","","",0,*,"","","Y","null {[]} {[]}
","Named part of a multi-part parameter","A named part of a multi-part parameter.","Only one level of nested parameters is allowed.","","","","","","","","",,,,,"",,,,"Parameters.parameter.part",0,*,"","ele-1:All FHIR elements must have a @value or children {hasValue() or (children().count() > id.count())}
"
"Parameters.parameter:patient","Parameters.parameter","patient","","",1,1,"Y","","Y","BackboneElement {[]} {[]}
","Operation Parameter","A parameter passed to or received from the operation.","","","","","","","","","",,,,,"",,,,"Parameters.parameter",0,*,"","ele-1:All FHIR elements must have a @value or children {hasValue() or (children().count() > id.count())}
inv-1:A parameter must have one and only one of (value, resource, part) {(part.exists() and value.empty() and resource.empty()) or (part.empty() and (value.exists() xor resource.exists()))}"
"Parameters.parameter:patient.id","Parameters.parameter.id","","","",0,1,"","","","string {[]} {[]}
","Unique id for inter-element referencing","Unique id for the element within a resource (for internal references). This may be any string value that does not contain spaces.","","","","","","","","","",,,,,"",,,,"Element.id",0,1,"","","n/a"
"Parameters.parameter:patient.extension","Parameters.parameter.extension","","extensions
user content","",0,*,"","","","Extension {[]} {[]}
","Additional content defined by implementations","May be used to represent additional information that is not part of the basic definition of the element. To make the use of extensions safe and manageable, there is a strict set of governance  applied to the definition and use of extensions. Though any implementer can define an extension, there is a set of requirements that SHALL be met as part of the definition of the extension.","There can be no stigma associated with the use of extensions by any application, project, or standard - regardless of the institution or jurisdiction that uses or defines the extensions.  The use of extensions is what allows the FHIR specification to retain a core level of simplicity for everyone.","","","","","","","","",,,,,"",,,,"Element.extension",0,*,"","ele-1:All FHIR elements must have a @value or children {hasValue() or (children().count() > id.count())}
ext-1:Must have either extensions or value[x], not both {extension.exists() != value.exists()}","n/a"
"Parameters.parameter:patient.modifierExtension","Parameters.parameter.modifierExtension","","","",0,0,"","Y","Y","Extension {[]} {[]}
","Extension","An Extension","","","","","","","","","",,,,,"",,,,"BackboneElement.modifierExtension",0,*,"","ele-1:All FHIR elements must have a @value or children {hasValue() or (children().count() > id.count())}
ext-1:Must have either extensions or value[x], not both {extension.exists() != value.exists()}"
"Parameters.parameter:patient.name","Parameters.parameter.name","","","",1,1,"Y","","Y","string {[]} {[]}
","Name from the definition","The name of the parameter (reference to the operation definition).","","","","","<valueString xmlns=""http://hl7.org/fhir"" value=""patient""/>","","","","",,,,,"",,,,"Parameters.parameter.name",1,1,"","ele-1:All FHIR elements must have a @value or children {hasValue() or (children().count() > id.count())}
"
"Parameters.parameter:patient.value[x]","Parameters.parameter.value[x]","","","",0,1,"","","Y","base64Binary {[]} {[]}
boolean {[]} {[]}canonical {[]} {[]}code {[]} {[]}date {[]} {[]}dateTime {[]} {[]}decimal {[]} {[]}id {[]} {[]}instant {[]} {[]}integer {[]} {[]}markdown {[]} {[]}oid {[]} {[]}positiveInt {[]} {[]}string {[]} {[]}time {[]} {[]}unsignedInt {[]} {[]}uri {[]} {[]}url {[]} {[]}uuid {[]} {[]}Address {[]} {[]}Age {[]} {[]}Annotation {[]} {[]}Attachment {[]} {[]}CodeableConcept {[]} {[]}Coding {[]} {[]}ContactPoint {[]} {[]}Count {[]} {[]}Distance {[]} {[]}Duration {[]} {[]}HumanName {[]} {[]}Identifier {[]} {[]}Money {[]} {[]}Period {[]} {[]}Quantity {[]} {[]}Range {[]} {[]}Ratio {[]} {[]}Reference {[]} {[]}SampledData {[]} {[]}Signature {[]} {[]}Timing {[]} {[]}ContactDetail {[]} {[]}Contributor {[]} {[]}DataRequirement {[]} {[]}Expression {[]} {[]}ParameterDefinition {[]} {[]}RelatedArtifact {[]} {[]}TriggerDefinition {[]} {[]}UsageContext {[]} {[]}Dosage {[]} {[]}Meta {[]} {[]}","If parameter is a data type","If the parameter is a data type.","","","","","","","","","",,,,,"",,,,"Parameters.parameter.value[x]",0,1,"inv-1
","ele-1:All FHIR elements must have a @value or children {hasValue() or (children().count() > id.count())}
"
"Parameters.parameter:patient.resource","Parameters.parameter.resource","","SubjectOfCare Client Resident
","",1,1,"Y","","","Patient {[CanonicalType[http://hl7.org/fhir/us/core/StructureDefinition/us-core-patient|6.1.0]]} {[]}
","Information about an individual or animal receiving health care services","\-","\-","","","","","","","","",,,,,"",,,,"Parameters.parameter.resource",0,1,"","","Entity. Role, or Act","Patient[classCode=PAT]"
"Parameters.parameter:patient.part","Parameters.parameter.part","","","",0,*,"","","Y","null {[]} {[]}
","Named part of a multi-part parameter","A named part of a multi-part parameter.","Only one level of nested parameters is allowed.","","","","","","","","",,,,,"",,,,"Parameters.parameter.part",0,*,"","ele-1:All FHIR elements must have a @value or children {hasValue() or (children().count() > id.count())}
"
"Parameters.parameter:track","Parameters.parameter","track","","",1,1,"Y","","Y","BackboneElement {[]} {[]}
","Operation Parameter","A parameter passed to or received from the operation.","","","","","","","","","",,,,,"",,,,"Parameters.parameter",0,*,"","ele-1:All FHIR elements must have a @value or children {hasValue() or (children().count() > id.count())}
inv-1:A parameter must have one and only one of (value, resource, part) {(part.exists() and value.empty() and resource.empty()) or (part.empty() and (value.exists() xor resource.exists()))}"
"Parameters.parameter:track.id","Parameters.parameter.id","","","",0,1,"","","","string {[]} {[]}
","Unique id for inter-element referencing","Unique id for the element within a resource (for internal references). This may be any string value that does not contain spaces.","","","","","","","","","",,,,,"",,,,"Element.id",0,1,"","","n/a"
"Parameters.parameter:track.extension","Parameters.parameter.extension","","extensions
user content","",0,*,"","","","Extension {[]} {[]}
","Additional content defined by implementations","May be used to represent additional information that is not part of the basic definition of the element. To make the use of extensions safe and manageable, there is a strict set of governance  applied to the definition and use of extensions. Though any implementer can define an extension, there is a set of requirements that SHALL be met as part of the definition of the extension.","There can be no stigma associated with the use of extensions by any application, project, or standard - regardless of the institution or jurisdiction that uses or defines the extensions.  The use of extensions is what allows the FHIR specification to retain a core level of simplicity for everyone.","","","","","","","","",,,,,"",,,,"Element.extension",0,*,"","ele-1:All FHIR elements must have a @value or children {hasValue() or (children().count() > id.count())}
ext-1:Must have either extensions or value[x], not both {extension.exists() != value.exists()}","n/a"
"Parameters.parameter:track.modifierExtension","Parameters.parameter.modifierExtension","","","",0,0,"","Y","Y","Extension {[]} {[]}
","Extension","An Extension","","","","","","","","","",,,,,"",,,,"BackboneElement.modifierExtension",0,*,"","ele-1:All FHIR elements must have a @value or children {hasValue() or (children().count() > id.count())}
ext-1:Must have either extensions or value[x], not both {extension.exists() != value.exists()}"
"Parameters.parameter:track.name","Parameters.parameter.name","","","",1,1,"Y","","Y","string {[]} {[]}
","Name from the definition","The name of the parameter (reference to the operation definition).","","","","","<valueString xmlns=""http://hl7.org/fhir"" value=""track""/>","","","","",,,,,"",,,,"Parameters.parameter.name",1,1,"","ele-1:All FHIR elements must have a @value or children {hasValue() or (children().count() > id.count())}
"
"Parameters.parameter:track.value[x]","Parameters.parameter.value[x]","","","",1,1,"Y","","Y","CodeableConcept {[]} {[]}
","If parameter is a data type","If the parameter is a data type.","","","","","","","","","",,"required","","https://globalalliantinc.com/access/ValueSet/ACCESSTrackVS|0.7.0","",,,,"Parameters.parameter.value[x]",0,1,"inv-1
","ele-1:All FHIR elements must have a @value or children {hasValue() or (children().count() > id.count())}
"
"Parameters.parameter:track.resource","Parameters.parameter.resource","","","",0,1,"","","Y","Resource {[]} {[]}
","If parameter is a whole resource","If the parameter is a whole resource.","When resolving references in resources, the operation definition may specify how references may be resolved between parameters. If a reference cannot be resolved between the parameters, the application should fall back to it's general resource resolution methods.","","","","","","","","",,,,,"",,,,"Parameters.parameter.resource",0,1,"inv-1
",""
"Parameters.parameter:track.part","Parameters.parameter.part","","","",0,*,"","","Y","null {[]} {[]}
","Named part of a multi-part parameter","A named part of a multi-part parameter.","Only one level of nested parameters is allowed.","","","","","","","","",,,,,"",,,,"Parameters.parameter.part",0,*,"","ele-1:All FHIR elements must have a @value or children {hasValue() or (children().count() > id.count())}
"
"Parameters.parameter:conditions","Parameters.parameter","conditions","","",0,*,"Y","","Y","BackboneElement {[]} {[]}
","Operation Parameter","A parameter passed to or received from the operation.","","","","","","","","","",,,,,"",,,,"Parameters.parameter",0,*,"","ele-1:All FHIR elements must have a @value or children {hasValue() or (children().count() > id.count())}
inv-1:A parameter must have one and only one of (value, resource, part) {(part.exists() and value.empty() and resource.empty()) or (part.empty() and (value.exists() xor resource.exists()))}"
"Parameters.parameter:conditions.id","Parameters.parameter.id","","","",0,1,"","","","string {[]} {[]}
","Unique id for inter-element referencing","Unique id for the element within a resource (for internal references). This may be any string value that does not contain spaces.","","","","","","","","","",,,,,"",,,,"Element.id",0,1,"","","n/a"
"Parameters.parameter:conditions.extension","Parameters.parameter.extension","","extensions
user content","",0,*,"","","","Extension {[]} {[]}
","Additional content defined by implementations","May be used to represent additional information that is not part of the basic definition of the element. To make the use of extensions safe and manageable, there is a strict set of governance  applied to the definition and use of extensions. Though any implementer can define an extension, there is a set of requirements that SHALL be met as part of the definition of the extension.","There can be no stigma associated with the use of extensions by any application, project, or standard - regardless of the institution or jurisdiction that uses or defines the extensions.  The use of extensions is what allows the FHIR specification to retain a core level of simplicity for everyone.","","","","","","","","",,,,,"",,,,"Element.extension",0,*,"","ele-1:All FHIR elements must have a @value or children {hasValue() or (children().count() > id.count())}
ext-1:Must have either extensions or value[x], not both {extension.exists() != value.exists()}","n/a"
"Parameters.parameter:conditions.modifierExtension","Parameters.parameter.modifierExtension","","","",0,0,"","Y","Y","Extension {[]} {[]}
","Extension","An Extension","","","","","","","","","",,,,,"",,,,"BackboneElement.modifierExtension",0,*,"","ele-1:All FHIR elements must have a @value or children {hasValue() or (children().count() > id.count())}
ext-1:Must have either extensions or value[x], not both {extension.exists() != value.exists()}"
"Parameters.parameter:conditions.name","Parameters.parameter.name","","","",1,1,"Y","","Y","string {[]} {[]}
","Name from the definition","The name of the parameter (reference to the operation definition).","","","","","<valueString xmlns=""http://hl7.org/fhir"" value=""conditions""/>","","","","",,,,,"",,,,"Parameters.parameter.name",1,1,"","ele-1:All FHIR elements must have a @value or children {hasValue() or (children().count() > id.count())}
"
"Parameters.parameter:conditions.value[x]","Parameters.parameter.value[x]","","","",0,1,"","","Y","base64Binary {[]} {[]}
boolean {[]} {[]}canonical {[]} {[]}code {[]} {[]}date {[]} {[]}dateTime {[]} {[]}decimal {[]} {[]}id {[]} {[]}instant {[]} {[]}integer {[]} {[]}markdown {[]} {[]}oid {[]} {[]}positiveInt {[]} {[]}string {[]} {[]}time {[]} {[]}unsignedInt {[]} {[]}uri {[]} {[]}url {[]} {[]}uuid {[]} {[]}Address {[]} {[]}Age {[]} {[]}Annotation {[]} {[]}Attachment {[]} {[]}CodeableConcept {[]} {[]}Coding {[]} {[]}ContactPoint {[]} {[]}Count {[]} {[]}Distance {[]} {[]}Duration {[]} {[]}HumanName {[]} {[]}Identifier {[]} {[]}Money {[]} {[]}Period {[]} {[]}Quantity {[]} {[]}Range {[]} {[]}Ratio {[]} {[]}Reference {[]} {[]}SampledData {[]} {[]}Signature {[]} {[]}Timing {[]} {[]}ContactDetail {[]} {[]}Contributor {[]} {[]}DataRequirement {[]} {[]}Expression {[]} {[]}ParameterDefinition {[]} {[]}RelatedArtifact {[]} {[]}TriggerDefinition {[]} {[]}UsageContext {[]} {[]}Dosage {[]} {[]}Meta {[]} {[]}","If parameter is a data type","If the parameter is a data type.","","","","","","","","","",,,,,"",,,,"Parameters.parameter.value[x]",0,1,"inv-1
","ele-1:All FHIR elements must have a @value or children {hasValue() or (children().count() > id.count())}
"
"Parameters.parameter:conditions.resource","Parameters.parameter.resource","","","",1,1,"Y","","","Condition {[CanonicalType[https://globalalliantinc.com/access/StructureDefinition/access-condition|0.7.0]]} {[]}
","Detailed information about conditions, problems or diagnoses","\-","\-","","","","","","","","",,,,,"",,,,"Parameters.parameter.resource",0,1,"","","PPR message","Entity. Role, or Act","Observation[classCode=OBS, moodCode=EVN, code=ASSERTION, value<Diagnosis]"
"Parameters.parameter:conditions.part","Parameters.parameter.part","","","",0,*,"","","Y","null {[]} {[]}
","Named part of a multi-part parameter","A named part of a multi-part parameter.","Only one level of nested parameters is allowed.","","","","","","","","",,,,,"",,,,"Parameters.parameter.part",0,*,"","ele-1:All FHIR elements must have a @value or children {hasValue() or (children().count() > id.count())}
"
"Parameters.parameter:reason","Parameters.parameter","reason","","",1,1,"Y","","Y","BackboneElement {[]} {[]}
","Operation Parameter","A parameter passed to or received from the operation.","","","","","","","","","",,,,,"",,,,"Parameters.parameter",0,*,"","ele-1:All FHIR elements must have a @value or children {hasValue() or (children().count() > id.count())}
inv-1:A parameter must have one and only one of (value, resource, part) {(part.exists() and value.empty() and resource.empty()) or (part.empty() and (value.exists() xor resource.exists()))}"
"Parameters.parameter:reason.id","Parameters.parameter.id","","","",0,1,"","","","string {[]} {[]}
","Unique id for inter-element referencing","Unique id for the element within a resource (for internal references). This may be any string value that does not contain spaces.","","","","","","","","","",,,,,"",,,,"Element.id",0,1,"","","n/a"
"Parameters.parameter:reason.extension","Parameters.parameter.extension","","extensions
user content","",0,*,"","","","Extension {[]} {[]}
","Additional content defined by implementations","May be used to represent additional information that is not part of the basic definition of the element. To make the use of extensions safe and manageable, there is a strict set of governance  applied to the definition and use of extensions. Though any implementer can define an extension, there is a set of requirements that SHALL be met as part of the definition of the extension.","There can be no stigma associated with the use of extensions by any application, project, or standard - regardless of the institution or jurisdiction that uses or defines the extensions.  The use of extensions is what allows the FHIR specification to retain a core level of simplicity for everyone.","","","","","","","","",,,,,"",,,,"Element.extension",0,*,"","ele-1:All FHIR elements must have a @value or children {hasValue() or (children().count() > id.count())}
ext-1:Must have either extensions or value[x], not both {extension.exists() != value.exists()}","n/a"
"Parameters.parameter:reason.modifierExtension","Parameters.parameter.modifierExtension","","","",0,0,"","Y","Y","Extension {[]} {[]}
","Extension","An Extension","","","","","","","","","",,,,,"",,,,"BackboneElement.modifierExtension",0,*,"","ele-1:All FHIR elements must have a @value or children {hasValue() or (children().count() > id.count())}
ext-1:Must have either extensions or value[x], not both {extension.exists() != value.exists()}"
"Parameters.parameter:reason.name","Parameters.parameter.name","","","",1,1,"Y","","Y","string {[]} {[]}
","Name from the definition","The name of the parameter (reference to the operation definition).","","","","","<valueString xmlns=""http://hl7.org/fhir"" value=""reason""/>","","","","",,,,,"",,,,"Parameters.parameter.name",1,1,"","ele-1:All FHIR elements must have a @value or children {hasValue() or (children().count() > id.count())}
"
"Parameters.parameter:reason.value[x]","Parameters.parameter.value[x]","","","",1,1,"Y","","Y","CodeableConcept {[]} {[]}
","If parameter is a data type","If the parameter is a data type.","","","","","","","","","",,"required","","https://globalalliantinc.com/access/ValueSet/ACCESSUnalignmentReasonVS|0.7.0","",,,,"Parameters.parameter.value[x]",0,1,"inv-1
","ele-1:All FHIR elements must have a @value or children {hasValue() or (children().count() > id.count())}
"
"Parameters.parameter:reason.resource","Parameters.parameter.resource","","","",0,1,"","","Y","Resource {[]} {[]}
","If parameter is a whole resource","If the parameter is a whole resource.","When resolving references in resources, the operation definition may specify how references may be resolved between parameters. If a reference cannot be resolved between the parameters, the application should fall back to it's general resource resolution methods.","","","","","","","","",,,,,"",,,,"Parameters.parameter.resource",0,1,"inv-1
",""
"Parameters.parameter:reason.part","Parameters.parameter.part","","","",0,*,"","","Y","null {[]} {[]}
","Named part of a multi-part parameter","A named part of a multi-part parameter.","Only one level of nested parameters is allowed.","","","","","","","","",,,,,"",,,,"Parameters.parameter.part",0,*,"","ele-1:All FHIR elements must have a @value or children {hasValue() or (children().count() > id.count())}
"
